"","species","decimallongitude","decimallatitude"
"1","Sphyrna lewini",-82.182861,5.00945
"2","Sphyrna lewini",38.152,-17.296
"3","Sphyrna lewini",38.094,-17.309
"4","Sphyrna lewini",38.154,-17.295
"5","Sphyrna lewini",38.906,-17.04
"6","Sphyrna lewini",36.328,-18.846
"7","Sphyrna lewini",36.336,-18.838
"8","Sphyrna lewini",36.981,-18.015
"9","Sphyrna lewini",36.881,-18.156
"10","Sphyrna lewini",38.042,-17.33
"11","Sphyrna lewini",38.136,-17.288
"12","Sphyrna lewini",38.575,-17.116
"13","Sphyrna lewini",38.831,-17.06
"14","Sphyrna lewini",38.158,-17.293
"15","Sphyrna lewini",35.56368,-23.8527
"16","Sphyrna lewini",35.40329,-23.8176
"17","Sphyrna lewini",35.39292,-22.13317
"18","Sphyrna lewini",-88.68778,29.514139
"19","Sphyrna lewini",-81.607592,3.999936
"20","Sphyrna lewini",-77.75,6.75
"21","Sphyrna lewini",32.124685,-28.785335
"22","Sphyrna lewini",38.2,-17.5
"23","Sphyrna lewini",30.262717,-31.01065
"24","Sphyrna lewini",46.995717,-25.039117
"25","Sphyrna lewini",-28.844068,-20.488128
"26","Sphyrna lewini",-29.31035,-20.525417
"27","Sphyrna lewini",-38.134635,-19.848744
"28","Sphyrna lewini",-47.6,-30.566667
"29","Sphyrna lewini",-46.166667,-30.716667
"30","Sphyrna lewini",-47.757,-28.903167
"31","Sphyrna lewini",-45.616667,-25.083333
"32","Sphyrna lewini",146.99707,-19.24329
"33","Sphyrna lewini",113.625,-22.85
"34","Sphyrna lewini",158.25,-28.75
"35","Sphyrna lewini",113.625,-22.15
"36","Sphyrna lewini",114.375,-22.125
"37","Sphyrna lewini",153.25,-31.25
"38","Sphyrna lewini",178.5337833,-18.1622833
"39","Sphyrna lewini",-72.2519,39.4002
"40","Sphyrna lewini",114.225,-21.925
"41","Sphyrna lewini",113.9,-22
"42","Sphyrna lewini",114.125,-22.1
"43","Sphyrna lewini",113.625,-22.6
"44","Sphyrna lewini",156.75,-24.25
"45","Sphyrna lewini",153.25,-23.75
"46","Sphyrna lewini",113.625,-22.875
"47","Sphyrna lewini",-71.8965,39.7403
"48","Sphyrna lewini",146.1458,-17.8668
"49","Sphyrna lewini",114.2,-22.125
"50","Sphyrna lewini",-74.7666664124,35.625
"51","Sphyrna lewini",146.1219,-17.9359
"52","Sphyrna lewini",154.75,-22.75
"53","Sphyrna lewini",-80.31199646,32.4029998779
"54","Sphyrna lewini",-78.3666687012,31.608332634
"55","Sphyrna lewini",146.0833,-17.9506
"56","Sphyrna lewini",113.925,-21.9
"57","Sphyrna lewini",146.375,-17.875
"58","Sphyrna lewini",146.06917,-8.19917
"59","Sphyrna lewini",114.25,-34.75
"60","Sphyrna lewini",114.35,-22.05
"61","Sphyrna lewini",113.625,-22.325
"62","Sphyrna lewini",146.375,-18.1
"63","Sphyrna lewini",111.75,-33.25
"64","Sphyrna lewini",112.75,-33.25
"65","Sphyrna lewini",-73.011,40.1797
"66","Sphyrna lewini",151.75,-33.75
"67","Sphyrna lewini",146.1717,-18.0169
"68","Sphyrna lewini",146.0913,-17.9988
"69","Sphyrna lewini",-78.0456,33.4045
"70","Sphyrna lewini",114.125,-22.05
"71","Sphyrna lewini",114.125,-22.075
"72","Sphyrna lewini",-77.6666679382,32.7083339691
"73","Sphyrna lewini",145.74007,-16.48726
"74","Sphyrna lewini",-159.997177124,-0.373739987612
"75","Sphyrna lewini",113.625,-22.8
"76","Sphyrna lewini",-80.2910003662,32.3979988098
"77","Sphyrna lewini",-71.8192,40.5138
"78","Sphyrna lewini",146.1095,-17.9756
"79","Sphyrna lewini",-74.7583351135,35.6083335876
"80","Sphyrna lewini",113.625,-22.425
"81","Sphyrna lewini",-71.8941,40.3873
"82","Sphyrna lewini",128.25,-33.25
"83","Sphyrna lewini",153.25,-19.25
"84","Sphyrna lewini",146.079,-17.9478
"85","Sphyrna lewini",114.25,-33.75
"86","Sphyrna lewini",113.65,-22.2
"87","Sphyrna lewini",146.1587,-17.9518
"88","Sphyrna lewini",114.25,-34.25
"89","Sphyrna lewini",148.76393,-20.48524
"90","Sphyrna lewini",145.88683,-8.10117
"91","Sphyrna lewini",113.625,-22.825
"92","Sphyrna lewini",153.75,-31.25
"93","Sphyrna lewini",114.15,-22.125
"94","Sphyrna lewini",113.875,-22.075
"95","Sphyrna lewini",114.125,-22.025
"96","Sphyrna lewini",152.25,-34.25
"97","Sphyrna lewini",114.35,-22.075
"98","Sphyrna lewini",144.25,-11.75
"99","Sphyrna lewini",147.44135,-19.37424
"100","Sphyrna lewini",113.625,-22.725
"101","Sphyrna lewini",-74.6500015259,35.6833324432
"102","Sphyrna lewini",146.1162,-17.9476
"103","Sphyrna lewini",116.75,-35.75
"104","Sphyrna lewini",113.85,-22.125
"105","Sphyrna lewini",113.825,-22.125
"106","Sphyrna lewini",153.25,-30.25
"107","Sphyrna lewini",152.75,-33.25
"108","Sphyrna lewini",114.3,-22.1
"109","Sphyrna lewini",152.25,-33.75
"110","Sphyrna lewini",114.25,-31.25
"111","Sphyrna lewini",-81.3089981079,30.9340000153
"112","Sphyrna lewini",-79.1166687012,31.5500001907
"113","Sphyrna lewini",146.1019,-18.0079
"114","Sphyrna lewini",152.75,-18.75
"115","Sphyrna lewini",113.7,-22.175
"116","Sphyrna lewini",146.35,-17.8
"117","Sphyrna lewini",113.625,-22.4
"118","Sphyrna lewini",114.375,-22.1
"119","Sphyrna lewini",145.70289,-2.00839
"120","Sphyrna lewini",-78.2009963989,33.9020004272
"121","Sphyrna lewini",-81.0370025635,31.7259998322
"122","Sphyrna lewini",-74.7749977112,35.7083339691
"123","Sphyrna lewini",-70.7458,39.9809
"124","Sphyrna lewini",-74.6333351135,35.6083335876
"125","Sphyrna lewini",-79.3083343506,31.75
"126","Sphyrna lewini",-72.231,40.7512
"127","Sphyrna lewini",146.1351,-17.9477
"128","Sphyrna lewini",114.25,-21.925
"129","Sphyrna lewini",111.75,-27.25
"130","Sphyrna lewini",-73.6193,40.1899
"131","Sphyrna lewini",150.57556,-11.14472
"132","Sphyrna lewini",153.25,-31.75
"133","Sphyrna lewini",-72.6492,40.4827
"134","Sphyrna lewini",154.25,-26.25
"135","Sphyrna lewini",178.5354167,-18.1629833
"136","Sphyrna lewini",-81.4390029907,30.7530002594
"137","Sphyrna lewini",146.093,-17.9892
"138","Sphyrna lewini",114.35,-22.025
"139","Sphyrna lewini",114.25,-31.75
"140","Sphyrna lewini",151.25,-36.25
"141","Sphyrna lewini",153.75,-24.75
"142","Sphyrna lewini",-79.1833343506,31.6583328247
"143","Sphyrna lewini",113.625,-22.475
"144","Sphyrna lewini",-72.0515,39.8384
"145","Sphyrna lewini",114.2,-22.1
"146","Sphyrna lewini",146.1631,-17.9753
"147","Sphyrna lewini",114.15,-22
"148","Sphyrna lewini",146.7714,-19.1581
"149","Sphyrna lewini",114.325,-22
"150","Sphyrna lewini",119.75,-34.75
"151","Sphyrna lewini",154.25,-30.25
"152","Sphyrna lewini",151.4573,-22.60222
"153","Sphyrna lewini",114.325,-21.975
"154","Sphyrna lewini",152.25,-35.25
"155","Sphyrna lewini",153.68333,-28.18333
"156","Sphyrna lewini",113.65,-22.3
"157","Sphyrna lewini",-72.3121,39.2382
"158","Sphyrna lewini",146.12411,-18.2321
"159","Sphyrna lewini",-72.312,39.2382
"160","Sphyrna lewini",153.29667,-30.47167
"161","Sphyrna lewini",145.73933,-8.05417
"162","Sphyrna lewini",-71.8831,39.7066
"163","Sphyrna lewini",127.1088,-11.8656
"164","Sphyrna lewini",113.75,-33.75
"165","Sphyrna lewini",146.129,-17.9912
"166","Sphyrna lewini",-79.3083343506,30.7166662216
"167","Sphyrna lewini",153.25,-24.25
"168","Sphyrna lewini",142.94926,-3.10063
"169","Sphyrna lewini",112.25,-30.25
"170","Sphyrna lewini",-71.8176,40.1738
"171","Sphyrna lewini",146.0696,-18.0559
"172","Sphyrna lewini",114.275,-21.95
"173","Sphyrna lewini",154.75,-29.75
"174","Sphyrna lewini",156.75,-25.25
"175","Sphyrna lewini",146.1033,-17.9458
"176","Sphyrna lewini",113.625,-22.7
"177","Sphyrna lewini",34.8267,25.5722
"178","Sphyrna lewini",-89.1583328247,28.4249992371
"179","Sphyrna lewini",154.25,-29.25
"180","Sphyrna lewini",152.75,-32.25
"181","Sphyrna lewini",146.1189,-17.9661
"182","Sphyrna lewini",-71.8857,40.6927
"183","Sphyrna lewini",-74.7000007629,36.1916656494
"184","Sphyrna lewini",114.375,-22.075
"185","Sphyrna lewini",148.2724,-3.51116
"186","Sphyrna lewini",145.66833,-8.10667
"187","Sphyrna lewini",113.25,-33.25
"188","Sphyrna lewini",150.25,-36.25
"189","Sphyrna lewini",112.75,-27.75
"190","Sphyrna lewini",155.04423,-11.06776
"191","Sphyrna lewini",112.75,-26.75
"192","Sphyrna lewini",113.65,-22.225
"193","Sphyrna lewini",-79.6620025635,32.8330001831
"194","Sphyrna lewini",149.17974,-1.74157
"195","Sphyrna lewini",146.35,-17.825
"196","Sphyrna lewini",114.35,-22.125
"197","Sphyrna lewini",113.9,-21.975
"198","Sphyrna lewini",111.25,-24.25
"199","Sphyrna lewini",113.625,-22.375
"200","Sphyrna lewini",113.875,-22.05
"201","Sphyrna lewini",149.39029,-1.35663
"202","Sphyrna lewini",145.70655,-8.04773
"203","Sphyrna lewini",113.625,-22.65
"204","Sphyrna lewini",114.3,-21.95
"205","Sphyrna lewini",146.1329,-17.8529
"206","Sphyrna lewini",-72.208,39.9429
"207","Sphyrna lewini",146.7922,-19.2126
"208","Sphyrna lewini",-156.704,21.1308
"209","Sphyrna lewini",127.1141,-11.8875
"210","Sphyrna lewini",146.375,-17.975
"211","Sphyrna lewini",-78.1583328247,32.4833335876
"212","Sphyrna lewini",109.25,-27.75
"213","Sphyrna lewini",153.75,-29.75
"214","Sphyrna lewini",-74.8416671753,35.6583347321
"215","Sphyrna lewini",-73.2402,39.828
"216","Sphyrna lewini",13.09401431,-7.877166667
"217","Sphyrna lewini",114.1,-21.8
"218","Sphyrna lewini",146.1289,-17.9533
"219","Sphyrna lewini",146.35,-17.85
"220","Sphyrna lewini",146.25,-15.25
"221","Sphyrna lewini",178.5362,-18.1595333
"222","Sphyrna lewini",93,10
"223","Sphyrna lewini",-72.2323,39.6655
"224","Sphyrna lewini",146.1083,-17.9404
"225","Sphyrna lewini",-72.3121,39.2383
"226","Sphyrna lewini",34.8627,26.3027
"227","Sphyrna lewini",153.75,-30.75
"228","Sphyrna lewini",113.65,-22.275
"229","Sphyrna lewini",153.75,-23.75
"230","Sphyrna lewini",151.11946,-3.24758
"231","Sphyrna lewini",151.25,-35.25
"232","Sphyrna lewini",144.05,-8.7
"233","Sphyrna lewini",117.25,-35.25
"234","Sphyrna lewini",112.75,-21.75
"235","Sphyrna lewini",-74.7666664124,35.5666656494
"236","Sphyrna lewini",-72.0818,40.5769
"237","Sphyrna lewini",114.25,-29.25
"238","Sphyrna lewini",146.375,-18.05
"239","Sphyrna lewini",113.625,-22.35
"240","Sphyrna lewini",146.55,-18.1
"241","Sphyrna lewini",178.53555,-18.16295
"242","Sphyrna lewini",114.15,-22.1
"243","Sphyrna lewini",114.225,-22.125
"244","Sphyrna lewini",154.25,-27.75
"245","Sphyrna lewini",153.75,-29.25
"246","Sphyrna lewini",178.5375833,-18.16075
"247","Sphyrna lewini",113.75,-31.25
"248","Sphyrna lewini",146.1916,-17.9872
"249","Sphyrna lewini",-89.7583312988,28.2583341599
"250","Sphyrna lewini",114.375,-22.2
"251","Sphyrna lewini",-72.1049,39.3144
"252","Sphyrna lewini",114.125,-22.125
"253","Sphyrna lewini",-75.8418,35.0349
"254","Sphyrna lewini",113.625,-22.175
"255","Sphyrna lewini",147.75,-17.75
"256","Sphyrna lewini",146.625,-18.1
"257","Sphyrna lewini",-78.7916679382,31.9083328247
"258","Sphyrna lewini",113.625,-22.625
"259","Sphyrna lewini",143.28373,-10.77301
"260","Sphyrna lewini",-71.9507,40.5507
"261","Sphyrna lewini",113.65,-22.25
"262","Sphyrna lewini",114.325,-22.125
"263","Sphyrna lewini",114.125,-21.775
"264","Sphyrna lewini",-77.9240036011,33.9109992981
"265","Sphyrna lewini",153.65,-28.11667
"266","Sphyrna lewini",113.75,-35.25
"267","Sphyrna lewini",-160.0061019,-0.3652224
"268","Sphyrna lewini",148.25,-14.75
"269","Sphyrna lewini",146.804,-19.1413
"270","Sphyrna lewini",146.375,-18.075
"271","Sphyrna lewini",-156.975942,21.215533
"272","Sphyrna lewini",113.75,-29.75
"273","Sphyrna lewini",35.8618,24.9284
"274","Sphyrna lewini",-162.103973389,5.54049015045
"275","Sphyrna lewini",146.1286,-17.9625
"276","Sphyrna lewini",-75.5666656494,34.625
"277","Sphyrna lewini",-162.379226685,6.39851999283
"278","Sphyrna lewini",-159.988807,-0.363532
"279","Sphyrna lewini",-79.1299972534,33.2910003662
"280","Sphyrna lewini",114.275,-22.125
"281","Sphyrna lewini",178.5353167,-18.15985
"282","Sphyrna lewini",146.575,-18.1
"283","Sphyrna lewini",113.625,-22.575
"284","Sphyrna lewini",146.0876,-17.996
"285","Sphyrna lewini",-79.1166648865,31.3249998093
"286","Sphyrna lewini",112.25,-30.75
"287","Sphyrna lewini",-71.883,39.7067
"288","Sphyrna lewini",-78.6913,33.4647
"289","Sphyrna lewini",112.75,-32.25
"290","Sphyrna lewini",114.25,-30.25
"291","Sphyrna lewini",114.3,-21.975
"292","Sphyrna lewini",112.75,-31.25
"293","Sphyrna lewini",113.625,-22.275
"294","Sphyrna lewini",146.0912,-17.9953
"295","Sphyrna lewini",146.1158,-17.9624
"296","Sphyrna lewini",149.82129,-2.1376
"297","Sphyrna lewini",153.46667,-29.21667
"298","Sphyrna lewini",-72.6653,40.4403
"299","Sphyrna lewini",113.725,-22.175
"300","Sphyrna lewini",157.75,-29.75
"301","Sphyrna lewini",145.91977,-8.09755
"302","Sphyrna lewini",146.0948,-17.9943
"303","Sphyrna lewini",114.75,-31.75
"304","Sphyrna lewini",113.25,-21.75
"305","Sphyrna lewini",147.20079,-1.68001
"306","Sphyrna lewini",146.8203,-19.2024
"307","Sphyrna lewini",-74.7916679382,35.6916656494
"308","Sphyrna lewini",-73.3009,39.98
"309","Sphyrna lewini",116.75,-35.25
"310","Sphyrna lewini",-79.9550018311,32.5979995728
"311","Sphyrna lewini",146.7946,-19.197
"312","Sphyrna lewini",-74.7666664124,35.9250011444
"313","Sphyrna lewini",146.1288,-17.8592
"314","Sphyrna lewini",145.39745,-2.07155
"315","Sphyrna lewini",-89.2000007629,28.4916667938
"316","Sphyrna lewini",113.75,-28.75
"317","Sphyrna lewini",-78.4416656494,32.4249992371
"318","Sphyrna lewini",156.25,-23.75
"319","Sphyrna lewini",113.625,-22.675
"320","Sphyrna lewini",-75.9319,34.9926
"321","Sphyrna lewini",157.75,-26.75
"322","Sphyrna lewini",145.70067,-8.02
"323","Sphyrna lewini",146.1347,-17.8797
"324","Sphyrna lewini",-76.2750015259,33.7333335876
"325","Sphyrna lewini",148.75,-14.75
"326","Sphyrna lewini",146.1308,-17.9725
"327","Sphyrna lewini",-72.3767,40.8123
"328","Sphyrna lewini",146.2,-8.33042
"329","Sphyrna lewini",113.85,-22.1
"330","Sphyrna lewini",155.25,-25.75
"331","Sphyrna lewini",147.25,-17.25
"332","Sphyrna lewini",144.75,-12.75
"333","Sphyrna lewini",72.9921,4.25826
"334","Sphyrna lewini",146.1027,-18.0313
"335","Sphyrna lewini",160.25,-27.75
"336","Sphyrna lewini",146.20033,-8.31887
"337","Sphyrna lewini",155.75,-28.75
"338","Sphyrna lewini",155.38385,-11.03702
"339","Sphyrna lewini",157.75,-27.25
"340","Sphyrna lewini",146.02898,-1.33337
"341","Sphyrna lewini",153.7547,-11.87593
"342","Sphyrna lewini",153.75,-33.25
"343","Sphyrna lewini",116.25,-35.75
"344","Sphyrna lewini",146.1081,-18.0025
"345","Sphyrna lewini",-89.0166664124,28.5249996185
"346","Sphyrna lewini",158.25,-31.25
"347","Sphyrna lewini",-78.8916664124,31.5
"348","Sphyrna lewini",113.25,-22.25
"349","Sphyrna lewini",146.1455,-17.9649
"350","Sphyrna lewini",-71.8382,40.2379
"351","Sphyrna lewini",154.25,-28.25
"352","Sphyrna lewini",-79.9666671753,27.7250003815
"353","Sphyrna lewini",-71.9744,40.2837
"354","Sphyrna lewini",155.25,-26.25
"355","Sphyrna lewini",148.21865,-1.59639
"356","Sphyrna lewini",146.1017,-17.9465
"357","Sphyrna lewini",147.75,-38.25
"358","Sphyrna lewini",154.25,-29.75
"359","Sphyrna lewini",148.71042,-20.5336
"360","Sphyrna lewini",114.05,-21.825
"361","Sphyrna lewini",-72.3068,39.2366
"362","Sphyrna lewini",111.75,-26.25
"363","Sphyrna lewini",112.25,-32.25
"364","Sphyrna lewini",112.75,-29.25
"365","Sphyrna lewini",146.132,-17.8425
"366","Sphyrna lewini",158.25,-29.75
"367","Sphyrna lewini",113.25,-21.25
"368","Sphyrna lewini",151.25,-37.75
"369","Sphyrna lewini",146.2078,-17.9707
"370","Sphyrna lewini",-77.81,33.4982
"371","Sphyrna lewini",113.25,-29.25
"372","Sphyrna lewini",-76.4113,34.3614
"373","Sphyrna lewini",146.2182,-17.7754
"374","Sphyrna lewini",-71.8657,40.6467
"375","Sphyrna lewini",155.25,-27.25
"376","Sphyrna lewini",146.375,-17.925
"377","Sphyrna lewini",-81.2630004883,31.186000824
"378","Sphyrna lewini",113.875,-22.025
"379","Sphyrna lewini",118.75,-35.25
"380","Sphyrna lewini",146.1339,-17.9593
"381","Sphyrna lewini",-71.883,39.7066
"382","Sphyrna lewini",-74.7250022888,35.6166667938
"383","Sphyrna lewini",146.1503,-17.9963
"384","Sphyrna lewini",146.7948,-19.2218
"385","Sphyrna lewini",147.34292,-1.74049
"386","Sphyrna lewini",145.75,-11.75
"387","Sphyrna lewini",113.25,-32.25
"388","Sphyrna lewini",-71.8173,40.1707
"389","Sphyrna lewini",110.25,-25.25
"390","Sphyrna lewini",113.9,-21.925
"391","Sphyrna lewini",151.08429,-2.1622
"392","Sphyrna lewini",113.75,-30.75
"393","Sphyrna lewini",-70.7338,39.948
"394","Sphyrna lewini",153.09,-30.826
"395","Sphyrna lewini",113.75,-21.75
"396","Sphyrna lewini",158.25,-27.75
"397","Sphyrna lewini",146.7957,-19.161
"398","Sphyrna lewini",145.74924,-16.50415
"399","Sphyrna lewini",-78.2999992371,31.8999996185
"400","Sphyrna lewini",146.93995,-18.90516
"401","Sphyrna lewini",145.99637,-2.01688
"402","Sphyrna lewini",146.1204,-17.9462
"403","Sphyrna lewini",-78.8500022888,32.1333332062
"404","Sphyrna lewini",145.83667,-8.09167
"405","Sphyrna lewini",-78.625,31.6166667938
"406","Sphyrna lewini",-71.934,40.1727
"407","Sphyrna lewini",146.1385,-17.9696
"408","Sphyrna lewini",-78.4249992371,32.5416660309
"409","Sphyrna lewini",113.65,-22.175
"410","Sphyrna lewini",-89.0916671753,28.6166667938
"411","Sphyrna lewini",153.43333,-29.435
"412","Sphyrna lewini",114.375,-22.15
"413","Sphyrna lewini",153.75,-26.75
"414","Sphyrna lewini",-79.3499984741,31.1749992371
"415","Sphyrna lewini",153.75,-30.25
"416","Sphyrna lewini",112.75,-22.75
"417","Sphyrna lewini",112.25,-23.25
"418","Sphyrna lewini",117.75,-35.75
"419","Sphyrna lewini",129.75,-33.25
"420","Sphyrna lewini",151.81502,-3.48696
"421","Sphyrna lewini",114.75,-31.25
"422","Sphyrna lewini",146.0942,-18.0338
"423","Sphyrna lewini",153.75,-31.75
"424","Sphyrna lewini",-70.7338,39.9479
"425","Sphyrna lewini",146.118,-18.0169
"426","Sphyrna lewini",-70.7657,40.0524
"427","Sphyrna lewini",146.1477,-17.9737
"428","Sphyrna lewini",178.5363167,-18.1617833
"429","Sphyrna lewini",156.25,-30.75
"430","Sphyrna lewini",-81.2539978027,29.8379993439
"431","Sphyrna lewini",-71.6771,40.7375
"432","Sphyrna lewini",-79.1833343506,31.5083332062
"433","Sphyrna lewini",146.1708,-17.8648
"434","Sphyrna lewini",146.1471,-17.9877
"435","Sphyrna lewini",147.0013,-19.23977
"436","Sphyrna lewini",-78.5916671753,32.2749996185
"437","Sphyrna lewini",-75.3556,35.5618
"438","Sphyrna lewini",146.1148,-18.0208
"439","Sphyrna lewini",111.75,-34.25
"440","Sphyrna lewini",-71.619,40.7356
"441","Sphyrna lewini",145.98806,-1.99284
"442","Sphyrna lewini",150.25,-36.75
"443","Sphyrna lewini",147.75,-16.25
"444","Sphyrna lewini",-78.4583358765,32.2333335876
"445","Sphyrna lewini",112.75,-33.75
"446","Sphyrna lewini",146.21288,-8.34402
"447","Sphyrna lewini",114.25,-30.75
"448","Sphyrna lewini",146.0941,-17.9811
"449","Sphyrna lewini",111.75,-23.75
"450","Sphyrna lewini",-71.7808,40.4085
"451","Sphyrna lewini",-72.2522,39.4099
"452","Sphyrna lewini",-72.3251,40.7421
"453","Sphyrna lewini",134.25,-35.25
"454","Sphyrna lewini",112.25,-27.25
"455","Sphyrna lewini",146.1276,-17.9556
"456","Sphyrna lewini",146.1138,-18.0091
"457","Sphyrna lewini",114.175,-22.125
"458","Sphyrna lewini",146.1309,-17.8417
"459","Sphyrna lewini",113.925,-21.925
"460","Sphyrna lewini",-71.5695,40.8233
"461","Sphyrna lewini",-72.3886,40.096
"462","Sphyrna lewini",144.2955,0.91082
"463","Sphyrna lewini",146.1311,-17.9641
"464","Sphyrna lewini",157.75,-28.75
"465","Sphyrna lewini",146.75026,-19.17332
"466","Sphyrna lewini",112.25,-27.75
"467","Sphyrna lewini",153.25,-32.75
"468","Sphyrna lewini",-77.7450027466,34.2540016174
"469","Sphyrna lewini",112.25,-29.75
"470","Sphyrna lewini",-79.5249977112,31.3833332062
"471","Sphyrna lewini",152.25,-33.25
"472","Sphyrna lewini",118.75,-34.75
"473","Sphyrna lewini",-78.7833328247,31.5416660309
"474","Sphyrna lewini",146.375,-18.025
"475","Sphyrna lewini",153.75,-25.75
"476","Sphyrna lewini",-71.274,39.9757
"477","Sphyrna lewini",178.59278,-17.32694
"478","Sphyrna lewini",148.37888,-1.77779
"479","Sphyrna lewini",145.94056,-8.14306
"480","Sphyrna lewini",146.101,-18.0175
"481","Sphyrna lewini",146.0936,-18.0182
"482","Sphyrna lewini",146.0908,-18.0057
"483","Sphyrna lewini",113.75,-33.25
"484","Sphyrna lewini",145.75199,-8.05033
"485","Sphyrna lewini",113.875,-21.875
"486","Sphyrna lewini",141.4,-14.6
"487","Sphyrna lewini",153.21626,-5.32553
"488","Sphyrna lewini",-81.341003418,30.8859996796
"489","Sphyrna lewini",151.75,-35.25
"490","Sphyrna lewini",145.70533,-2.00106
"491","Sphyrna lewini",126.9857,-11.4236
"492","Sphyrna lewini",145.7835,-8.07983
"493","Sphyrna lewini",113.625,-22.75
"494","Sphyrna lewini",146.1064,-18.0054
"495","Sphyrna lewini",-72.2137,39.946
"496","Sphyrna lewini",-72.6543,40.501
"497","Sphyrna lewini",148.82976,-1.76371
"498","Sphyrna lewini",113.25,-22.75
"499","Sphyrna lewini",153.75402,-4.51969
"500","Sphyrna lewini",-71.6083335876,39.8249988556
"501","Sphyrna lewini",113.75,-22.15
"502","Sphyrna lewini",146.1467,-17.9818
"503","Sphyrna lewini",146.17637,-8.2928
"504","Sphyrna lewini",153.25,-32.25
"505","Sphyrna lewini",146.2065,-18.0376
"506","Sphyrna lewini",126.9086,-11.3954
"507","Sphyrna lewini",113.625,-22.775
"508","Sphyrna lewini",112.25,-24.25
"509","Sphyrna lewini",154.25,-28.75
"510","Sphyrna lewini",115.65424,-21.1158
"511","Sphyrna lewini",-82.8666687012,24.3250007629
"512","Sphyrna lewini",159.75,-27.25
"513","Sphyrna lewini",79,8.5
"514","Sphyrna lewini",146.1306,-17.8422
"515","Sphyrna lewini",153.75,-20.75
"516","Sphyrna lewini",145.99149,-8.13749
"517","Sphyrna lewini",113.75,-31.75
"518","Sphyrna lewini",151.97021,-3.60928
"519","Sphyrna lewini",-81.2340011597,31.2280006409
"520","Sphyrna lewini",-74.6166648865,35.7250003815
"521","Sphyrna lewini",145.7225,-8.05133
"522","Sphyrna lewini",-76.283996582,34.8650016785
"523","Sphyrna lewini",142.2515,-2.95017
"524","Sphyrna lewini",114.54077,-21.5589
"525","Sphyrna lewini",145.70066,-8.01999
"526","Sphyrna lewini",145.74333,-8.07369
"527","Sphyrna lewini",-90.4666633606,28.0583333969
"528","Sphyrna lewini",146.0944,-17.9984
"529","Sphyrna lewini",145.56075,0.70984
"530","Sphyrna lewini",113.75,-21.25
"531","Sphyrna lewini",-74.2916679382,37.8500003815
"532","Sphyrna lewini",146.1663,-17.8675
"533","Sphyrna lewini",114.75,-35.75
"534","Sphyrna lewini",-80.2740020752,32.4300003052
"535","Sphyrna lewini",127.0376,-11.8704
"536","Sphyrna lewini",115.25,-35.75
"537","Sphyrna lewini",114.25,-29.75
"538","Sphyrna lewini",112.75,-27.25
"539","Sphyrna lewini",153.75,-32.75
"540","Sphyrna lewini",118.89866,-17.6425
"541","Sphyrna lewini",-72.7957,40.5561
"542","Sphyrna lewini",-71.8383,40.2378
"543","Sphyrna lewini",-84.6166687012,25.4250001907
"544","Sphyrna lewini",13.37624222,-10.20863182
"545","Sphyrna lewini",-72.2843,39.5036
"546","Sphyrna lewini",155.75,-29.75
"547","Sphyrna lewini",148.25,-14.25
"548","Sphyrna lewini",113.675,-22.2
"549","Sphyrna lewini",-81.3679962158,30.2290000916
"550","Sphyrna lewini",146.1014,-17.9457
"551","Sphyrna lewini",112.25,-28.75
"552","Sphyrna lewini",113.625,-22.45
"553","Sphyrna lewini",146.1685,-18.0007
"554","Sphyrna lewini",146.1115,-17.9866
"555","Sphyrna lewini",-72.3067,39.2365
"556","Sphyrna lewini",153.75,-26.25
"557","Sphyrna lewini",144.64194,-8.04278
"558","Sphyrna lewini",-77.5579986572,34.4119987488
"559","Sphyrna lewini",155.25,-24.25
"560","Sphyrna lewini",113.625,-22.55
"561","Sphyrna lewini",146.1365,-18.0015
"562","Sphyrna lewini",150.75,-36.75
"563","Sphyrna lewini",153.25,-33.75
"564","Sphyrna lewini",-78.875,32.125
"565","Sphyrna lewini",155.75,-28.25
"566","Sphyrna lewini",146.13,-17.945
"567","Sphyrna lewini",146.7858,-19.1656
"568","Sphyrna lewini",145.695,-8.0511
"569","Sphyrna lewini",-71.8139,40.5032
"570","Sphyrna lewini",152.75,-33.75
"571","Sphyrna lewini",-72.0979,40.2826
"572","Sphyrna lewini",-72.1145,40.0024
"573","Sphyrna lewini",146.1197,-17.8671
"574","Sphyrna lewini",156.25,-27.25
"575","Sphyrna lewini",113.95,-21.9
"576","Sphyrna lewini",113.25,-28.75
"577","Sphyrna lewini",146.0871,-17.9982
"578","Sphyrna lewini",150.25,-37.25
"579","Sphyrna lewini",-78.6220016479,33.8079986572
"580","Sphyrna lewini",-79.1333312988,31.358332634
"581","Sphyrna lewini",145.68653,-8.04475
"582","Sphyrna lewini",146.33386,-1.94165
"583","Sphyrna lewini",146.1335,-17.9508
"584","Sphyrna lewini",146.1351,-17.9925
"585","Sphyrna lewini",146.9895,-19.2395
"586","Sphyrna lewini",-159.9980154,-0.38190448
"587","Sphyrna lewini",157.25,-29.25
"588","Sphyrna lewini",154.35479,-5.13349
"589","Sphyrna lewini",151.81339,-3.48782
"590","Sphyrna lewini",145.73367,-8.024
"591","Sphyrna lewini",114.75,-30.75
"592","Sphyrna lewini",146.525,-18.1
"593","Sphyrna lewini",34.8612,25.3111
"594","Sphyrna lewini",110.75,-25.75
"595","Sphyrna lewini",-79.7583,32.5015
"596","Sphyrna lewini",-72.3886,40.0959
"597","Sphyrna lewini",-77.7596,33.3816
"598","Sphyrna lewini",146.7868,-19.2187
"599","Sphyrna lewini",154.53815,-11.41813
"600","Sphyrna lewini",110.75,-23.75
"601","Sphyrna lewini",-76.6601,34.5561
"602","Sphyrna lewini",146.1292,-18.0149
"603","Sphyrna lewini",115.75,-35.75
"604","Sphyrna lewini",110.75,-28.25
"605","Sphyrna lewini",-79.8069992065,32.6809997559
"606","Sphyrna lewini",-72.3884,40.1076
"607","Sphyrna lewini",146.0909,-18.017
"608","Sphyrna lewini",155.25,-23.75
"609","Sphyrna lewini",-79.2666664124,31.625
"610","Sphyrna lewini",-71.7394,40.6369
"611","Sphyrna lewini",157.75,-28.25
"612","Sphyrna lewini",129.25,-33.25
"613","Sphyrna lewini",154.25,-27.25
"614","Sphyrna lewini",146.375,-18
"615","Sphyrna lewini",146.1234,-17.9619
"616","Sphyrna lewini",154.75,-23.25
"617","Sphyrna lewini",-78.6166687012,32.4250011444
"618","Sphyrna lewini",160.75,-30.75
"619","Sphyrna lewini",146.1368,-17.9886
"620","Sphyrna lewini",154.25,-24.25
"621","Sphyrna lewini",146.1343,-17.9886
"622","Sphyrna lewini",146.1122,-17.936
"623","Sphyrna lewini",-80.6202,31.9686
"624","Sphyrna lewini",151.53431,-22.1855
"625","Sphyrna lewini",151.25,-34.75
"626","Sphyrna lewini",153.75,-24.25
"627","Sphyrna lewini",146.1261,-17.9346
"628","Sphyrna lewini",-78.6333312988,32.1416664124
"629","Sphyrna lewini",111.75,-24.25
"630","Sphyrna lewini",145.87667,-8.09583
"631","Sphyrna lewini",-72.1691,39.1755
"632","Sphyrna lewini",114.325,-22.1
"633","Sphyrna lewini",146.7831,-19.1679
"634","Sphyrna lewini",146.1053,-17.9676
"635","Sphyrna lewini",146.1443,-17.9946
"636","Sphyrna lewini",-72.7705,39.5253
"637","Sphyrna lewini",-73.1249,38.8961
"638","Sphyrna lewini",-80.2919998169,32.408000946
"639","Sphyrna lewini",148.69804,-20.55174
"640","Sphyrna lewini",-71.8985,39.7402
"641","Sphyrna lewini",146.1627,-17.8749
"642","Sphyrna lewini",146.0933,-17.9784
"643","Sphyrna lewini",146.1297,-17.9923
"644","Sphyrna lewini",150.75,-35.25
"645","Sphyrna lewini",155.75,-27.75
"646","Sphyrna lewini",-79.3830032349,32.9560012817
"647","Sphyrna lewini",146.14163,-18.23346
"648","Sphyrna lewini",-81.3860015869,30.3220005035
"649","Sphyrna lewini",-77.0360031128,34.6549987793
"650","Sphyrna lewini",146.0913,-17.9402
"651","Sphyrna lewini",-72.105,39.3144
"652","Sphyrna lewini",-80.8010025024,28.908000946
"653","Sphyrna lewini",112.75,-29.75
"654","Sphyrna lewini",112.75,-28.25
"655","Sphyrna lewini",-77.25,32.6166667938
"656","Sphyrna lewini",-79.2689971924,33.0579986572
"657","Sphyrna lewini",144.45,-8.13333
"658","Sphyrna lewini",-81.06199646,31.5909996033
"659","Sphyrna lewini",113.25,-28.25
"660","Sphyrna lewini",112.25,-23.75
"661","Sphyrna lewini",114.225,-22.1
"662","Sphyrna lewini",153.75,-28.75
"663","Sphyrna lewini",146.25,-14.75
"664","Sphyrna lewini",-77.8769989014,34.0379981995
"665","Sphyrna lewini",154.97614,-11.0583
"666","Sphyrna lewini",113.25,-30.75
"667","Sphyrna lewini",146.129,-17.9535
"668","Sphyrna lewini",146.1162,-17.9591
"669","Sphyrna lewini",146.19083,-8.31083
"670","Sphyrna lewini",-76.4233,34.3958
"671","Sphyrna lewini",-72.1202,40.0206
"672","Sphyrna lewini",146.375,-17.9
"673","Sphyrna lewini",146.1241,-17.9753
"674","Sphyrna lewini",-78.6500015259,31.3999996185
"675","Sphyrna lewini",145.98694,-1.70496
"676","Sphyrna lewini",146.1142,-17.9814
"677","Sphyrna lewini",113.875,-22
"678","Sphyrna lewini",144.61028,-8.02306
"679","Sphyrna lewini",-72.1339,40.0638
"680","Sphyrna lewini",-72.2572,40.065
"681","Sphyrna lewini",156.25,-26.25
"682","Sphyrna lewini",-73.4498,40.0562
"683","Sphyrna lewini",147.37291,-19.3377
"684","Sphyrna lewini",146.75,-16.25
"685","Sphyrna lewini",147.25,-15.75
"686","Sphyrna lewini",146.1349,-17.9899
"687","Sphyrna lewini",-73.1206,38.8869
"688","Sphyrna lewini",146.111,-18.0005
"689","Sphyrna lewini",-72.3067,39.2366
"690","Sphyrna lewini",-80.0299987793,32.5719985962
"691","Sphyrna lewini",113.8,-22.125
"692","Sphyrna lewini",-72.1691,39.1756
"693","Sphyrna lewini",146.0909,-18.0007
"694","Sphyrna lewini",-72.3887,40.096
"695","Sphyrna lewini",113.65,-22.15
"696","Sphyrna lewini",146.1439,-17.8881
"697","Sphyrna lewini",-74.6583366394,35.6916656494
"698","Sphyrna lewini",-80.0260009766,32.5730018616
"699","Sphyrna lewini",153.29833,-30.62833
"700","Sphyrna lewini",146.0978,-17.9404
"701","Sphyrna lewini",147.62034,-3.73455
"702","Sphyrna lewini",145.442,-14.6846
"703","Sphyrna lewini",146.1105,-17.962
"704","Sphyrna lewini",113.975,-21.875
"705","Sphyrna lewini",146.118,-17.9978
"706","Sphyrna lewini",146.94171,-3.0048
"707","Sphyrna lewini",-162.064242,5.898855
"708","Sphyrna lewini",146.7808,-19.1855
"709","Sphyrna lewini",-73.4205,39.9773
"710","Sphyrna lewini",146.375,-17.95
"711","Sphyrna lewini",160.75,-27.75
"712","Sphyrna lewini",-71.7763,40.0612
"713","Sphyrna lewini",-71.8976,39.7357
"714","Sphyrna lewini",146.12,-17.8872
"715","Sphyrna lewini",-71.8727,40.3309
"716","Sphyrna lewini",146.1899,-17.9839
"717","Sphyrna lewini",-76.1499977112,34.0750007629
"718","Sphyrna lewini",146.126,-18.0068
"719","Sphyrna lewini",111.75,-30.75
"720","Sphyrna lewini",146.104,-17.9564
"721","Sphyrna lewini",153.68333,-28.01667
"722","Sphyrna lewini",-81.3949966431,30.6770000458
"723","Sphyrna lewini",-76.2375,34.3679
"724","Sphyrna lewini",-71.8003,40.1281
"725","Sphyrna lewini",144.1,-8.68333
"726","Sphyrna lewini",-74.6833343506,35.6833343506
"727","Sphyrna lewini",-76.6166687012,33.1333332062
"728","Sphyrna lewini",146.1774,-17.8795
"729","Sphyrna lewini",151.75,-34.75
"730","Sphyrna lewini",178.5342333,-18.1612667
"731","Sphyrna lewini",-77.5750007629,32.7583332062
"732","Sphyrna lewini",-79.7689971924,32.7070007324
"733","Sphyrna lewini",146.7346,-19.1407
"734","Sphyrna lewini",-79.0916671753,31.4416666031
"735","Sphyrna lewini",150.25,-35.75
"736","Sphyrna lewini",146.1481,-17.9916
"737","Sphyrna lewini",-71.8905,40.0554
"738","Sphyrna lewini",146.25,-16.25
"739","Sphyrna lewini",146.1304,-17.9827
"740","Sphyrna lewini",146.896,-19.2431
"741","Sphyrna lewini",146.1476,-18.0162
"742","Sphyrna lewini",154.75,-27.75
"743","Sphyrna lewini",145.74348,-8.0644
"744","Sphyrna lewini",148.74997,-20.49594
"745","Sphyrna lewini",111.25,-29.25
"746","Sphyrna lewini",150.05437,-1.9936
"747","Sphyrna lewini",146.12165,-8.25907
"748","Sphyrna lewini",146.2006,-8.32507
"749","Sphyrna lewini",153.75,-27.25
"750","Sphyrna lewini",-72.0297,39.7686
"751","Sphyrna lewini",-79.4666671753,27.875
"752","Sphyrna lewini",146.1237,-17.9948
"753","Sphyrna lewini",126.25,-33.25
"754","Sphyrna lewini",121.900001526,24.9400005341
"755","Sphyrna lewini",-80.7559967041,31.9710006714
"756","Sphyrna lewini",145.63117,-8.051
"757","Sphyrna lewini",153.33467,-29.881
"758","Sphyrna lewini",151.42847,-22.49378
"759","Sphyrna lewini",148.25,-17.75
"760","Sphyrna lewini",146.1377,-17.9188
"761","Sphyrna lewini",-71.9072,40.0981
"762","Sphyrna lewini",146.0999,-17.947
"763","Sphyrna lewini",-71.5498,40.7684
"764","Sphyrna lewini",146.01667,-8.18333
"765","Sphyrna lewini",-162.1629813,5.87385485
"766","Sphyrna lewini",146.102,-18.0053
"767","Sphyrna lewini",111.25,-25.75
"768","Sphyrna lewini",146.0767,-17.987
"769","Sphyrna lewini",146.1571,-17.9601
"770","Sphyrna lewini",146.1008,-18.027
"771","Sphyrna lewini",113.25,-34.25
"772","Sphyrna lewini",126.75,-33.25
"773","Sphyrna lewini",145.71953,-2.02991
"774","Sphyrna lewini",145.71005,-8.06408
"775","Sphyrna lewini",119.25,-35.25
"776","Sphyrna lewini",144.75,-13.75
"777","Sphyrna lewini",146.2304,-17.9469
"778","Sphyrna lewini",-159.990866,-0.38219
"779","Sphyrna lewini",154.25,-25.25
"780","Sphyrna lewini",145.485,-8.99028
"781","Sphyrna lewini",148.73482,-20.51484
"782","Sphyrna lewini",-81.3799972534,30.2759990692
"783","Sphyrna lewini",127.0993,-11.8916
"784","Sphyrna lewini",146.1124,-17.9706
"785","Sphyrna lewini",-162.1342492,5.86793454
"786","Sphyrna lewini",150.75,-37.75
"787","Sphyrna lewini",-80.8290023804,28.9479999542
"788","Sphyrna lewini",-71.8559,40.2906
"789","Sphyrna lewini",-71.8382,40.2378
"790","Sphyrna lewini",155.25,-22.25
"791","Sphyrna lewini",-73.3218,40.0376
"792","Sphyrna lewini",111.25,-30.25
"793","Sphyrna lewini",146.7733,-19.1548
"794","Sphyrna lewini",113.75,-32.75
"795","Sphyrna lewini",146.25,-15.75
"796","Sphyrna lewini",147.37561,-19.3492
"797","Sphyrna lewini",146.0936,-17.9909
"798","Sphyrna lewini",-81.1610031128,31.3789997101
"799","Sphyrna lewini",156.75,-27.75
"800","Sphyrna lewini",146.1421,-17.9946
"801","Sphyrna lewini",154.75,-21.75
"802","Sphyrna lewini",145.725,-8.04867
"803","Sphyrna lewini",157.25,-25.25
"804","Sphyrna lewini",146.1072,-18.0144
"805","Sphyrna lewini",146.1064,-18.0051
"806","Sphyrna lewini",-71.6759,40.1155
"807","Sphyrna lewini",146.75,-16.75
"808","Sphyrna lewini",114.75,-32.25
"809","Sphyrna lewini",118.642,4.15296
"810","Sphyrna lewini",150.75,-35.75
"811","Sphyrna lewini",153.75,-28.25
"812","Sphyrna lewini",113.7,-22.2
"813","Sphyrna lewini",-79.125,31.2083330154
"814","Sphyrna lewini",110.75,-32.75
"815","Sphyrna lewini",146.1014,-17.9908
"816","Sphyrna lewini",146.7935,-19.1866
"817","Sphyrna lewini",-81.3939971924,30.6660003662
"818","Sphyrna lewini",150.75,-36.25
"819","Sphyrna lewini",158.25,-26.25
"820","Sphyrna lewini",114.175,-22.1
"821","Sphyrna lewini",146.1593,-17.9581
"822","Sphyrna lewini",157.75,-27.75
"823","Sphyrna lewini",146.13,-17.9738
"824","Sphyrna lewini",145.48431,-15.33581
"825","Sphyrna lewini",115.25,-19.25
"826","Sphyrna lewini",146.1285,-17.9855
"827","Sphyrna lewini",114.325,-22.025
"828","Sphyrna lewini",111.75,-31.25
"829","Sphyrna lewini",149.87752,-2.29842
"830","Sphyrna lewini",156.25,-24.75
"831","Sphyrna lewini",146.75,-17.25
"832","Sphyrna lewini",109.75,-24.25
"833","Sphyrna lewini",145.75487,-8.0328
"834","Sphyrna lewini",156.75,-27.25
"835","Sphyrna lewini",-162.1560285,5.88652066
"836","Sphyrna lewini",146.193,-17.8575
"837","Sphyrna lewini",-76.7583351135,33.4500007629
"838","Sphyrna lewini",146.20332,-8.34867
"839","Sphyrna lewini",146.2088,-8.33737
"840","Sphyrna lewini",113.25,-30.25
"841","Sphyrna lewini",146.7802,-19.1486
"842","Sphyrna lewini",-74.7999992371,35.8250007629
"843","Sphyrna lewini",-91.8201,1.38342
"844","Sphyrna lewini",111.25,-27.25
"845","Sphyrna lewini",151.75,-34.25
"846","Sphyrna lewini",-82.1828611,5.00945
"847","Sphyrna lewini",113.25,-31.75
"848","Sphyrna lewini",-89.0333328247,28.7083330154
"849","Sphyrna lewini",111.75,-24.75
"850","Sphyrna lewini",-159.972047,-0.375813
"851","Sphyrna lewini",-71.8383,40.2379
"852","Sphyrna lewini",-81.4140014648,30.763999939
"853","Sphyrna lewini",117.25,-35.75
"854","Sphyrna lewini",112.75,-22.25
"855","Sphyrna lewini",155.75,-24.75
"856","Sphyrna lewini",-81.2539978027,29.8360004425
"857","Sphyrna lewini",113.25,-33.75
"858","Sphyrna lewini",145.76552,-8.0358
"859","Sphyrna lewini",-72.0751,39.8874
"860","Sphyrna lewini",135.25,-35.75
"861","Sphyrna lewini",146.75,-14.25
"862","Sphyrna lewini",114.25,-32.25
"863","Sphyrna lewini",153.119,-30.84667
"864","Sphyrna lewini",113.625,-22.125
"865","Sphyrna lewini",-81.4390029907,30.7520008087
"866","Sphyrna lewini",-71.8257,40.2094
"867","Sphyrna lewini",146.15251,-18.24154
"868","Sphyrna lewini",146.1342,-17.972
"869","Sphyrna lewini",-81.3939971924,30.6790008545
"870","Sphyrna lewini",113.75,-30.25
"871","Sphyrna lewini",147.43657,-19.08538
"872","Sphyrna lewini",-71.8702,40.6588
"873","Sphyrna lewini",-79.0166664124,32.0416660309
"874","Sphyrna lewini",146.8159,-19.1784
"875","Sphyrna lewini",156.75,-23.75
"876","Sphyrna lewini",111.75,-30.25
"877","Sphyrna lewini",162.75,-28.25
"878","Sphyrna lewini",-166.213012695,23.7909908295
"879","Sphyrna lewini",154.25,-21.75
"880","Sphyrna lewini",146.0914,-17.9932
"881","Sphyrna lewini",150.25,-37.75
"882","Sphyrna lewini",146.1187,-18.0159
"883","Sphyrna lewini",146.084,-17.9459
"884","Sphyrna lewini",145.9915,-8.1375
"885","Sphyrna lewini",114.25,-32.75
"886","Sphyrna lewini",-77.875,32.5833320618
"887","Sphyrna lewini",146.1189,-17.845
"888","Sphyrna lewini",-112.51,28.7794
"889","Sphyrna lewini",146.452,-17.99366
"890","Sphyrna lewini",116.583,-8.75
"891","Sphyrna lewini",-76.4181,34.3832
"892","Sphyrna lewini",-75.4366,35.1277
"893","Sphyrna lewini",146.1475,-17.9825
"894","Sphyrna lewini",146.1167,-18.0044
"895","Sphyrna lewini",150.08573,-2.10127
"896","Sphyrna lewini",146.1038,-18.029
"897","Sphyrna lewini",150.87728,-22.82403
"898","Sphyrna lewini",147.18033,-19.1655
"899","Sphyrna lewini",146.1112,-18.0055
"900","Sphyrna lewini",111.25,-26.75
"901","Sphyrna lewini",151.25,-35.75
"902","Sphyrna lewini",-73.0628,39.4583
"903","Sphyrna lewini",-71.7706,40.7094
"904","Sphyrna lewini",-79.9249992371,25.9916667938
"905","Sphyrna lewini",-81.3929977417,30.6650009155
"906","Sphyrna lewini",146.4,-18.1
"907","Sphyrna lewini",-74.7749977112,35.75
"908","Sphyrna lewini",147.3744,-19.32385
"909","Sphyrna lewini",155.75,-26.75
"910","Sphyrna lewini",146.1205,-17.8921
"911","Sphyrna lewini",-83.3833351135,24.3249998093
"912","Sphyrna lewini",153.366,-27.516
"913","Sphyrna lewini",-176.620697021,0.804409980774
"914","Sphyrna lewini",44.216667,-20.383333
"915","Sphyrna lewini",154.25,-26.75
"916","Sphyrna lewini",-72.0249977112,39.3166656494
"917","Sphyrna lewini",114,-21.875
"918","Sphyrna lewini",153.97261,-9.21694
"919","Sphyrna lewini",120.39,24.83
"920","Sphyrna lewini",-71.8002,40.1281
"921","Sphyrna lewini",127.25,-33.25
"922","Sphyrna lewini",146.1302,-17.9887
"923","Sphyrna lewini",146.1062,-17.963
"924","Sphyrna lewini",146.806,-19.2245
"925","Sphyrna lewini",145.752,-8.05033
"926","Sphyrna lewini",111.25,-26.25
"927","Sphyrna lewini",-159.9924487,-0.36258294
"928","Sphyrna lewini",146.1,-17.9446
"929","Sphyrna lewini",-71.8198,40.1932
"930","Sphyrna lewini",-77.0249977112,33.2749996185
"931","Sphyrna lewini",153.13305,-4.6899
"932","Sphyrna lewini",112.25,-32.75
"933","Sphyrna lewini",111.75,-32.25
"934","Sphyrna lewini",-79.2833328247,31.3083333969
"935","Sphyrna lewini",146.1724,-17.8618
"936","Sphyrna lewini",111.75,-31.75
"937","Sphyrna lewini",146.13,-17.9603
"938","Sphyrna lewini",111.25,-24.75
"939","Sphyrna lewini",-79.8059997559,32.7099990845
"940","Sphyrna lewini",134.75,-35.75
"941","Sphyrna lewini",157.25,-31.75
"942","Sphyrna lewini",153.25,-30.75
"943","Sphyrna lewini",146.1414,-18.001
"944","Sphyrna lewini",146.125,-18.1
"945","Sphyrna lewini",146.7517,-19.1959
"946","Sphyrna lewini",118.25,-35.25
"947","Sphyrna lewini",178.5353833,-18.16275
"948","Sphyrna lewini",146.141,-17.8419
"949","Sphyrna lewini",-72.312,39.2381
"950","Sphyrna lewini",152.75,-32.75
"951","Sphyrna lewini",-72.6849,39.6223
"952","Sphyrna lewini",146.1087,-18.0253
"953","Sphyrna lewini",146.1543,-17.8542
"954","Sphyrna lewini",-78.9666671753,31.9083337784
"955","Sphyrna lewini",146.0934,-18.0074
"956","Sphyrna lewini",113.75,-20.75
"957","Sphyrna lewini",153.2,-30.56667
"958","Sphyrna lewini",-72.8237,39.3538
"959","Sphyrna lewini",153.75,-32.25
"960","Sphyrna lewini",-76.5416679382,33.4416675568
"961","Sphyrna lewini",154.25,-25.75
"962","Sphyrna lewini",146.0804,-17.955
"963","Sphyrna lewini",149.46486,-1.73403
"964","Sphyrna lewini",146.7807,-19.1922
"965","Sphyrna lewini",-71.8388,40.2395
"966","Sphyrna lewini",146.22013,-1.88733
"967","Sphyrna lewini",152.25,-34.75
"968","Sphyrna lewini",161.25,-28.25
"969","Sphyrna lewini",-72.0195,40.0668
"970","Sphyrna lewini",154.75,-20.75
"971","Sphyrna lewini",146.19639,-8.33861
"972","Sphyrna lewini",146.1216,-17.9034
"973","Sphyrna lewini",147.40996,-19.37015
"974","Sphyrna lewini",127.4202,-12.2002
"975","Sphyrna lewini",-71.6711,40.1011
"976","Sphyrna lewini",-72.9846,39.1449
"977","Sphyrna lewini",112.75,-23.25
"978","Sphyrna lewini",146.1304,-17.9277
"979","Sphyrna lewini",120.25,-34.25
"980","Sphyrna lewini",-71.7102,39.8786
"981","Sphyrna lewini",-162.0006537,5.8749973
"982","Sphyrna lewini",155.25,-25.25
"983","Sphyrna lewini",-81.233001709,31.2290000916
"984","Sphyrna lewini",-72.0499992371,39.4833335876
"985","Sphyrna lewini",146.0934,-18.0355
"986","Sphyrna lewini",-73.3158,39.4018
"987","Sphyrna lewini",-81.2559967041,29.8220005035
"988","Sphyrna lewini",144.1,-8.66667
"989","Sphyrna lewini",144.59,-8.03361
"990","Sphyrna lewini",-72.129,40.7082
"991","Sphyrna lewini",146.20117,-8.31598
"992","Sphyrna lewini",151.25,-18.75
"993","Sphyrna lewini",114.275,-22.1
"994","Sphyrna lewini",-71.8384,40.2379
"995","Sphyrna lewini",-81.3799972534,30.2770004272
"996","Sphyrna lewini",146.1278,-17.9893
"997","Sphyrna lewini",-77.9319992065,33.8530006409
"998","Sphyrna lewini",146.1217,-17.9636
"999","Sphyrna lewini",118.25,-35.75
"1000","Sphyrna lewini",-71.6523,40.0523
"1001","Sphyrna lewini",-71.8738,40.6749
"1002","Sphyrna lewini",154.75,-28.25
"1003","Sphyrna lewini",150.47648,-2.85958
"1004","Sphyrna lewini",158.25,-30.75
"1005","Sphyrna lewini",119.33616,-17.38816
"1006","Sphyrna lewini",113.625,-22.525
"1007","Sphyrna lewini",114.3,-22.125
"1008","Sphyrna lewini",153.5145,-29.96483
"1009","Sphyrna lewini",-72.0302,40.7643
"1010","Sphyrna lewini",146.1021,-17.9508
"1011","Sphyrna lewini",-74.7416687012,35.9416675568
"1012","Sphyrna lewini",113.75,-22.25
"1013","Sphyrna lewini",146.1185,-17.9398
"1014","Sphyrna lewini",146.1082,-17.8556
"1015","Sphyrna lewini",-73.4487,40.0606
"1016","Sphyrna lewini",146.1547,-18.0175
"1017","Sphyrna lewini",154.25,-21.25
"1018","Sphyrna lewini",146.1467,-17.9852
"1019","Sphyrna lewini",-86.865,30.3778
"1020","Sphyrna lewini",157.25,-24.75
"1021","Sphyrna lewini",146.1538,-17.9951
"1022","Sphyrna lewini",-162.0013542,5.87554959
"1023","Sphyrna lewini",115.25,-35.25
"1024","Sphyrna lewini",112.75,-28.75
"1025","Sphyrna lewini",111.75,-28.75
"1026","Sphyrna lewini",-72.071,40.5421
"1027","Sphyrna lewini",111.75,-22.75
"1028","Sphyrna lewini",-74.5916671753,35.8000011444
"1029","Sphyrna lewini",-71.7952,40.1182
"1030","Sphyrna lewini",-90.1419,-0.56775
"1031","Sphyrna lewini",-81.4199981689,30.7539997101
"1032","Sphyrna lewini",146.13,-17.9646
"1033","Sphyrna lewini",146.2056,-18.027
"1034","Sphyrna lewini",-72.0452,40.1531
"1035","Sphyrna lewini",-79.4619979858,32.9140014648
"1036","Sphyrna lewini",-74.4000015259,37.4166660309
"1037","Sphyrna lewini",146.1194,-17.9802
"1038","Sphyrna lewini",145.76432,-8.04467
"1039","Sphyrna lewini",79.7666666666667,11.4
"1040","Sphyrna lewini",114.91678,-21.29228
"1041","Sphyrna lewini",153.00021,-4.73474
"1042","Sphyrna lewini",153.25,-19.75
"1043","Sphyrna lewini",-89.8416671753,28.2833328247
"1044","Sphyrna lewini",146.7805,-19.198
"1045","Sphyrna lewini",-73.1167,38.8608
"1046","Sphyrna lewini",151.75,-36.75
"1047","Sphyrna lewini",146.1318,-18.0009
"1048","Sphyrna lewini",146.7903,-19.1535
"1049","Sphyrna lewini",146.7922,-19.1885
"1050","Sphyrna lewini",145.62611,-1.12151
"1051","Sphyrna lewini",150.74357,-2.36985
"1052","Sphyrna lewini",146.6838,-19.147
"1053","Sphyrna lewini",146.7921,-19.1413
"1054","Sphyrna lewini",111.75,-25.25
"1055","Sphyrna lewini",114.75,-34.75
"1056","Sphyrna lewini",-79.5970001221,32.8470001221
"1057","Sphyrna lewini",155.75,-23.25
"1058","Sphyrna lewini",-71.8913,40.0546
"1059","Sphyrna lewini",145.7153,-8.04123
"1060","Sphyrna lewini",146.1035,-17.9776
"1061","Sphyrna lewini",146.1348,-17.8506
"1062","Sphyrna lewini",-75.1549,35.2351
"1063","Sphyrna lewini",146.1281,-17.991
"1064","Sphyrna lewini",-74.7250022888,35.875
"1065","Sphyrna lewini",146.1492,-17.9741
"1066","Sphyrna lewini",146.7954,-19.1509
"1067","Sphyrna lewini",146.1486,-17.9138
"1068","Sphyrna lewini",-81.3799972534,30.2779998779
"1069","Sphyrna lewini",-71.5764,40.8357
"1070","Sphyrna lewini",-73.023,38.9281
"1071","Sphyrna lewini",125.75,-33.25
"1072","Sphyrna lewini",146.0884,-17.9724
"1073","Sphyrna lewini",148.24852,-3.33324
"1074","Sphyrna lewini",153.25,-33.25
"1075","Sphyrna lewini",146.1259,-17.9229
"1076","Sphyrna lewini",55.45,-4.766666
"1077","Sphyrna lewini",-72.4027,39.8267
"1078","Sphyrna lewini",155.25,-23.25
"1079","Sphyrna lewini",-90.143,-0.56699
"1080","Sphyrna lewini",-71.8833351135,39.4083328247
"1081","Sphyrna lewini",147.41624,-19.3528
"1082","Sphyrna lewini",-72.0519,40.5035
"1083","Sphyrna lewini",147.75,-39.25
"1084","Sphyrna lewini",146.1103,-18.0052
"1085","Sphyrna lewini",146.1202,-17.8824
"1086","Sphyrna lewini",114.81693,-21.40189
"1087","Sphyrna lewini",130.25,-33.25
"1088","Sphyrna lewini",-74.6000022888,35.625
"1089","Sphyrna lewini",146.1043,-18.0348
"1090","Sphyrna lewini",145.635,-8.09361
"1091","Sphyrna lewini",108.25,-27.25
"1092","Sphyrna lewini",-71.8192,40.5098
"1093","Sphyrna lewini",112.75,-32.75
"1094","Sphyrna lewini",144.60861,-8.0275
"1095","Sphyrna lewini",151.75,-35.75
"1096","Sphyrna lewini",146.75,-15.75
"1097","Sphyrna lewini",153.505,-29.55833
"1098","Sphyrna lewini",146.1388,-17.8454
"1099","Sphyrna lewini",154.42859,-5.83088
"1100","Sphyrna lewini",146.143,-17.9705
"1101","Sphyrna lewini",-71.935,39.8391
"1102","Sphyrna lewini",146.1272,-17.9507
"1103","Sphyrna lewini",-81.4250030518,30.7649993896
"1104","Sphyrna lewini",114.25,-22.125
"1105","Sphyrna lewini",113.25,-32.75
"1106","Sphyrna lewini",146.1096,-18.0005
"1107","Sphyrna lewini",111.25,-23.75
"1108","Sphyrna lewini",-71.2902,40.2631
"1109","Sphyrna lewini",146.1478,-17.9803
"1110","Sphyrna lewini",143.81869,-1.81097
"1111","Sphyrna lewini",-73.1798,40.1068
"1112","Sphyrna lewini",109.75,-25.75
"1113","Sphyrna lewini",-73.2753,40.3767
"1114","Sphyrna lewini",145.74153,-8.04353
"1115","Sphyrna lewini",114.9752,-33.67377
"1116","Sphyrna lewini",-74.7166633606,35.6083335876
"1117","Sphyrna lewini",146.1475,-17.9826
"1118","Sphyrna lewini",148.84003,-1.44582
"1119","Sphyrna lewini",-79.8840026855,32.6329994202
"1120","Sphyrna lewini",149.75,-37.75
"1121","Sphyrna lewini",-78.0660018921,33.8660011292
"1122","Sphyrna lewini",-72.6044,40.353
"1123","Sphyrna lewini",154.25,-24.75
"1124","Sphyrna lewini",-79.2679977417,33.0579986572
"1125","Sphyrna lewini",-74.7416687012,35.7416667938
"1126","Sphyrna lewini",146.756,-19.1347
"1127","Sphyrna lewini",146.8762,-19.161
"1128","Sphyrna lewini",-72.2406,39.3767
"1129","Sphyrna lewini",146.1053,-17.9128
"1130","Sphyrna lewini",-73.1923,39.0733
"1131","Sphyrna lewini",-83.03769,24.61323
"1132","Sphyrna lewini",-71.8003,40.1282
"1133","Sphyrna lewini",146.1133,-17.9971
"1134","Sphyrna lewini",35.8333,24.95
"1135","Sphyrna lewini",146.15169,-18.2446
"1136","Sphyrna lewini",146.15004,-18.24432
"1137","Sphyrna lewini",122.99266,-12.18633
"1138","Sphyrna lewini",-159.9761676,-0.3699135
"1139","Sphyrna lewini",157.25,-28.25
"1140","Sphyrna lewini",146.7895,-19.1551
"1141","Sphyrna lewini",-73.4708,40.1173
"1142","Sphyrna lewini",152.05421,-2.32074
"1143","Sphyrna lewini",146.1056,-17.9129
"1144","Sphyrna lewini",146.85104,-2.96287
"1145","Sphyrna lewini",146.1153,-17.9793
"1146","Sphyrna lewini",146.135,-17.9676
"1147","Sphyrna lewini",114.75,-35.25
"1148","Sphyrna lewini",157.75,-25.25
"1149","Sphyrna lewini",-81.3830032349,30.2929992676
"1150","Sphyrna lewini",-71.7975,40.7878
"1151","Sphyrna lewini",159.25,-28.75
"1152","Sphyrna lewini",154.25,-23.75
"1153","Sphyrna lewini",-74.6666679382,35.6499996185
"1154","Sphyrna lewini",-81.4209976196,30.7530002594
"1155","Sphyrna lewini",146.7912,-19.1766
"1156","Sphyrna lewini",-82.77185,24.70252
"1157","Sphyrna lewini",113.9,-21.95
"1158","Sphyrna lewini",146.1011,-17.9678
"1159","Sphyrna lewini",153.367,-27.5167
"1160","Sphyrna lewini",146.182,-17.873
"1161","Sphyrna lewini",-89.52,-0.77673
"1162","Sphyrna lewini",146.7753,-19.1913
"1163","Sphyrna lewini",-78.8916664124,32.6333322525
"1164","Sphyrna lewini",-71.7074,39.8678
"1165","Sphyrna lewini",-91.7166633606,27.625
"1166","Sphyrna lewini",-79.5416679382,28.3666667938
"1167","Sphyrna lewini",-77.8583335876,32.6083335876
"1168","Sphyrna lewini",146.1478,-17.9614
"1169","Sphyrna lewini",121.7012,-13.5185
"1170","Sphyrna lewini",146.1057,-17.9552
"1171","Sphyrna lewini",146.8003,-19.1475
"1172","Sphyrna lewini",146.7754,-19.1624
"1173","Sphyrna lewini",155.75,-24.25
"1174","Sphyrna lewini",148.25,-16.25
"1175","Sphyrna lewini",146.145,-17.9717
"1176","Sphyrna lewini",153.75,-25.25
"1177","Sphyrna lewini",-70.6846,39.9635
"1178","Sphyrna lewini",146.1475,-17.9753
"1179","Sphyrna lewini",114.25,-20.25
"1180","Sphyrna lewini",146.8101,-19.2116
"1181","Sphyrna lewini",-81.2529983521,29.8379993439
"1182","Sphyrna lewini",112.25,-33.25
"1183","Sphyrna lewini",148.69467,-20.55534
"1184","Sphyrna lewini",146.1502,-17.9786
"1185","Sphyrna lewini",-72.3018,39.543
"1186","Sphyrna lewini",146.7778,-19.1727
"1187","Sphyrna lewini",-71.8736,40.3345
"1188","Sphyrna lewini",146.1605,-18.0259
"1189","Sphyrna lewini",112.25,-26.75
"1190","Sphyrna lewini",146.1416,-17.9706
"1191","Sphyrna lewini",-90.0356,-0.805416
"1192","Sphyrna lewini",146.1145,-17.9816
"1193","Sphyrna lewini",113.75,-29.25
"1194","Sphyrna lewini",146.1543,-17.8536
"1195","Sphyrna lewini",-89.5189,-0.77835
"1196","Sphyrna lewini",146.1141,-17.9673
"1197","Sphyrna lewini",145.73366,-8.02399
"1198","Sphyrna lewini",-71.8593,39.9727
"1199","Sphyrna lewini",146.775,-19.1782
"1200","Sphyrna lewini",146.1684,-17.8837
"1201","Sphyrna lewini",-75.157,35.2241
"1202","Sphyrna lewini",120.55,24.47
"1203","Sphyrna lewini",-71.8176,40.1739
"1204","Sphyrna lewini",155.25,-22.75
"1205","Sphyrna lewini",-71.9158,40.4574
"1206","Sphyrna lewini",115.45932,-31.39215
"1207","Sphyrna lewini",146.7668,-19.1654
"1208","Sphyrna lewini",-79.9249992371,27.5833339691
"1209","Sphyrna lewini",126.9189,-11.3929
"1210","Sphyrna lewini",114.25,-35.25
"1211","Sphyrna lewini",-71.3138,40.3356
"1212","Sphyrna lewini",146.0834,-17.9539
"1213","Sphyrna lewini",112.75,-31.75
"1214","Sphyrna lewini",-79.7870025635,32.7080001831
"1215","Sphyrna lewini",-72.0523,40.1594
"1216","Sphyrna lewini",155.75,-23.75
"1217","Sphyrna lewini",112.25,-22.75
"1218","Sphyrna lewini",-71.599,39.9054
"1219","Sphyrna lewini",-73.6257,40.2182
"1220","Sphyrna lewini",146.119,-17.9264
"1221","Sphyrna lewini",145.73472,-8.01472
"1222","Sphyrna lewini",-71.6445,40.0333
"1223","Sphyrna lewini",-72.0437,40.1505
"1224","Sphyrna lewini",146.0752,-18.0083
"1225","Sphyrna lewini",146.1217,-17.9039
"1226","Sphyrna lewini",-81.3769989014,30.8449993134
"1227","Sphyrna lewini",-159.9860228,-0.36425354
"1228","Sphyrna lewini",-82.87371,24.60276
"1229","Sphyrna lewini",113.625,-22.225
"1230","Sphyrna lewini",-92.0118637084961,1.64741003513336
"1231","Sphyrna lewini",149.39783,-1.56405
"1232","Sphyrna lewini",146.1753,-17.8925
"1233","Sphyrna lewini",141.3,-12.6
"1234","Sphyrna lewini",146.99127,-19.23929
"1235","Sphyrna lewini",-80.8020019531,28.9099998474
"1236","Sphyrna lewini",-79.5199966431,32.891998291
"1237","Sphyrna lewini",-72.105,39.3146
"1238","Sphyrna lewini",146.0913,-17.9565
"1239","Sphyrna lewini",146.8305,-19.1984
"1240","Sphyrna lewini",116.25,-35.25
"1241","Sphyrna lewini",146.1062,-17.9733
"1242","Sphyrna lewini",151.42816,-3.75219
"1243","Sphyrna lewini",146.1282,-18.0026
"1244","Sphyrna lewini",146.87491,-3.26555
"1245","Sphyrna lewini",146.1167,-18.0047
"1246","Sphyrna lewini",-91.9965515136719,1.67189002037048
"1247","Sphyrna lewini",157.75,-26.25
"1248","Sphyrna lewini",178.5374833,-18.16205
"1249","Sphyrna lewini",146.66811,-1.77731
"1250","Sphyrna lewini",145.75,-13.25
"1251","Sphyrna lewini",127.0786,-11.8651
"1252","Sphyrna lewini",159.75,-27.75
"1253","Sphyrna lewini",146.1181,-17.9882
"1254","Sphyrna lewini",146.2933,-1.92655
"1255","Sphyrna lewini",146.08755,-8.22838
"1256","Sphyrna lewini",115.75,-35.25
"1257","Sphyrna lewini",145.72499,-8.04866
"1258","Sphyrna lewini",156.75,-26.75
"1259","Sphyrna lewini",-71.9977,40.027
"1260","Sphyrna lewini",-79.9083328247,26.4916667938
"1261","Sphyrna lewini",146.1771,-17.8807
"1262","Sphyrna lewini",156.75,-32.25
"1263","Sphyrna lewini",-75.89883333,36.92016667
"1264","Sphyrna lewini",146.1474,-17.9826
"1265","Sphyrna lewini",112.25,-26.25
"1266","Sphyrna lewini",144.25,-13.25
"1267","Sphyrna lewini",-78.0833358765,32.5666656494
"1268","Sphyrna lewini",146.1277,-17.885
"1269","Sphyrna lewini",153.44483,-29.25433
"1270","Sphyrna lewini",146.75,-15.25
"1271","Sphyrna lewini",-75.54266669,35.85489998
"1272","Sphyrna lewini",113.75,-34.75
"1273","Sphyrna lewini",145.72517,-8.04633
"1274","Sphyrna lewini",127.75,-33.25
"1275","Sphyrna lewini",-89.0083351135,28.4416666031
"1276","Sphyrna lewini",-81.3799972534,30.281999588
"1277","Sphyrna lewini",110.75,-26.25
"1278","Sphyrna lewini",112.25,-34.25
"1279","Sphyrna lewini",-72.1084,39.9831
"1280","Sphyrna lewini",-79.7900009155,32.7080001831
"1281","Sphyrna lewini",143.8743,-1.3484
"1282","Sphyrna lewini",-71.9826,39.9815
"1283","Sphyrna lewini",146.186,-17.8878
"1284","Sphyrna lewini",145.78833,-8.07583
"1285","Sphyrna lewini",156.25,-23.25
"1286","Sphyrna lewini",-71.9745,40.6092
"1287","Sphyrna lewini",154.75,-25.75
"1288","Sphyrna lewini",146.1359,-17.9613
"1289","Sphyrna lewini",146.1016,-17.9908
"1290","Sphyrna lewini",146.851,-19.1919
"1291","Sphyrna lewini",-81.3830032349,30.2919998169
"1292","Sphyrna lewini",114.15,-21.875
"1293","Sphyrna lewini",-72.1794,40.1813
"1294","Sphyrna lewini",146.1362,-17.9705
"1295","Sphyrna lewini",146.1278,-18.0142
"1296","Sphyrna lewini",-72.9558,39.1535
"1297","Sphyrna lewini",146.109,-17.9429
"1298","Sphyrna lewini",146.1133,-17.9543
"1299","Sphyrna lewini",-71.7973,39.7817
"1300","Sphyrna lewini",146.1169,-17.9806
"1301","Sphyrna lewini",-78.2833328247,32.3416671753
"1302","Sphyrna lewini",-74.4083328247,35.9166660309
"1303","Sphyrna lewini",146.085,-17.946
"1304","Sphyrna lewini",146.1571,-17.9789
"1305","Sphyrna lewini",146.1308,-17.9178
"1306","Sphyrna lewini",153.75,-21.25
"1307","Sphyrna lewini",145.70306,-8.06083
"1308","Sphyrna lewini",146.1252,-17.8664
"1309","Sphyrna lewini",153.46783,-29.52183
"1310","Sphyrna lewini",-82.8043,28.054
"1311","Sphyrna lewini",147.00282,-19.22485
"1312","Sphyrna lewini",144.75,-11.75
"1313","Sphyrna lewini",-71.5726,39.8278
"1314","Sphyrna lewini",146.0848,-17.943
"1315","Sphyrna lewini",155.25,-26.75
"1316","Sphyrna lewini",140.9,-16.6
"1317","Sphyrna lewini",147.57265,-1.62252
"1318","Sphyrna lewini",120.25,-34.75
"1319","Sphyrna lewini",146.1075,-17.9914
"1320","Sphyrna lewini",-71.9379,39.841
"1321","Sphyrna lewini",160.75,-28.75
"1322","Sphyrna lewini",155.75,-26.25
"1323","Sphyrna lewini",-81.2610015869,31.1329994202
"1324","Sphyrna lewini",111.75,-23.25
"1325","Sphyrna lewini",154.75,-23.75
"1326","Sphyrna lewini",146.1186,-18.0213
"1327","Sphyrna lewini",146.7958,-19.1391
"1328","Sphyrna lewini",145.45,-14.652
"1329","Sphyrna lewini",138.25,-36.25
"1330","Sphyrna lewini",-78.7249984741,31.5083332062
"1331","Sphyrna lewini",-78.3713,33.736
"1332","Sphyrna lewini",146.109,-17.9488
"1333","Sphyrna lewini",-77.0999984741,32.9583339691
"1334","Sphyrna lewini",-71.8966,39.7403
"1335","Sphyrna lewini",-81.3860015869,30.3239994049
"1336","Sphyrna lewini",146.807,-19.2101
"1337","Sphyrna lewini",-73.1802,39.67
"1338","Sphyrna lewini",-71.988,39.993
"1339","Sphyrna lewini",146.1038,-17.9715
"1340","Sphyrna lewini",160.25,-28.75
"1341","Sphyrna lewini",146.0965,-17.9811
"1342","Sphyrna lewini",114.275,-21.925
"1343","Sphyrna lewini",146.1996,-17.9939
"1344","Sphyrna lewini",160.25,-26.75
"1345","Sphyrna lewini",146.1487,-17.9714
"1346","Sphyrna lewini",126.9501,-11.4454
"1347","Sphyrna lewini",146.7938,-19.1873
"1348","Sphyrna lewini",154.75,-26.25
"1349","Sphyrna lewini",112.25,-22.25
"1350","Sphyrna lewini",154.24854,-6.00769
"1351","Sphyrna lewini",146.089,-18.0121
"1352","Sphyrna lewini",146.1136,-17.9361
"1353","Sphyrna lewini",-81.3870010376,30.3220005035
"1354","Sphyrna lewini",-72.2461,39.3864
"1355","Sphyrna lewini",146.7,-19.1576
"1356","Sphyrna lewini",-77.9049987793,33.9710006714
"1357","Sphyrna lewini",155.75,-22.75
"1358","Sphyrna lewini",-72.2982,40.5457
"1359","Sphyrna lewini",-71.5881,39.8611
"1360","Sphyrna lewini",111.25,-23.25
"1361","Sphyrna lewini",146.1366,-17.9694
"1362","Sphyrna lewini",-77.6666641235,32.5833339691
"1363","Sphyrna lewini",-71.8021,40.1367
"1364","Sphyrna lewini",114.25,-33.25
"1365","Sphyrna lewini",146.816,-19.2133
"1366","Sphyrna lewini",156.25,-28.75
"1367","Sphyrna lewini",157.25,-29.75
"1368","Sphyrna lewini",145.89917,-8.111
"1369","Sphyrna lewini",-76.3947,34.3032
"1370","Sphyrna lewini",146.7964,-19.1882
"1371","Sphyrna lewini",111.75,-26.75
"1372","Sphyrna lewini",-71.7156,39.8954
"1373","Sphyrna lewini",-112.0373610873,19.0606324209
"1374","Sphyrna lewini",-155.9819151619,19.5036358376
"1375","Sphyrna lewini",-92.0564721231,1.685230319
"1376","Sphyrna lewini",178.8659973042,-17.5093378155
"1377","Sphyrna lewini",-157.6710485089,21.4028382246
"1378","Sphyrna lewini",-91.884295702,1.7909827285
"1379","Sphyrna lewini",-91.8674641382,1.7990848382
"1380","Sphyrna lewini",-91.9743602093,1.3268890107
"1381","Sphyrna lewini",179.0347795919,-17.122628724
"1382","Sphyrna lewini",-91.9210545113,1.3559954083
"1383","Sphyrna lewini",37.8057840793,23.6331169869
"1384","Sphyrna lewini",-118.138106001,33.4949685941
"1385","Sphyrna lewini",-94.3460249493,27.590025192
"1386","Sphyrna lewini",-69.0828648138,40.0730432507
"1387","Sphyrna lewini",-95.3208419003,28.877116681
"1388","Sphyrna lewini",-90.322468892,-0.4052378565
"1389","Sphyrna lewini",-91.862074079,1.2935873022
"1390","Sphyrna lewini",-91.9347603985,1.3615079833
"1391","Sphyrna lewini",118.0541377237,24.529179252
"1392","Sphyrna lewini",-110.8216725437,19.3083963509
"1393","Sphyrna lewini",-112.1976405797,25.2926277077
"1394","Sphyrna lewini",-87.0126562877,5.4967107462
"1395","Sphyrna lewini",-90.4911314957,-0.5285866939
"1396","Sphyrna lewini",-110.3768236601,24.7420006267
"1397","Sphyrna lewini",-109.8682323109,26.3499575951
"1398","Sphyrna lewini",-92.1969155681,0.6829601175
"1399","Sphyrna lewini",-46.4099250835,-24.1041378064
"1400","Sphyrna lewini",30.5246030404,-30.8132708557
"1401","Sphyrna lewini",-110.9795774493,19.3152999413
"1402","Sphyrna lewini",-156.5782879341,20.6477968187
"1403","Sphyrna lewini",-97.0349715918,28.0237977613
"1404","Sphyrna lewini",-75.3778566793,34.8677037703
"1405","Sphyrna lewini",-90.2011522272,-0.4916825303
"1406","Sphyrna lewini",-95.2838430484,28.8039276569
"1407","Sphyrna lewini",-94.9041529163,29.0883213805
"1408","Sphyrna lewini",-96.9997029415,27.5963632648
"1409","Sphyrna lewini",35.9128688245,24.9191277661
"1410","Sphyrna lewini",-90.2801776045,-0.7841440365
"1411","Sphyrna lewini",72.8878910185,18.8410400562
"1412","Sphyrna lewini",-97.3002800291,27.105101109
"1413","Sphyrna lewini",146.7796128796,-13.8648365517
"1414","Sphyrna lewini",-97.1161239486,27.8583127674
"1415","Sphyrna lewini",-97.3817837743,26.4503966706
"1416","Sphyrna lewini",-81.9709602493,26.4902440604
"1417","Sphyrna lewini",-80.1467825742,27.2361808374
"1418","Sphyrna lewini",-95.9863556925,19.1919738871
"1419","Sphyrna lewini",121.7213366652,24.1726081686
"1420","Sphyrna lewini",-90.5034982528,0.2160850457
"1421","Sphyrna lewini",118.6859336812,4.3164990938
"1422","Sphyrna lewini",-74.9407425555,34.6310433766
"1423","Sphyrna lewini",40.7854455111,-10.8441021272
"1424","Sphyrna lewini",115.6984940154,-32.3339677718
"1425","Sphyrna lewini",115.6039734155,-32.2253042913
"1426","Sphyrna lewini",145.7699891096,-16.8555854494
"1427","Sphyrna lewini",-156.7168651598,21.1314528563
"1428","Sphyrna lewini",-81.133716062,24.7507132183
"1429","Sphyrna lewini",-159.3925220599,21.8066546841
"1430","Sphyrna lewini",-84.3212371011,29.8937235358
"1431","Sphyrna lewini",9.0204640309,4.05510833
"1432","Sphyrna lewini",-112.7831267587,29.9183243577
"1433","Sphyrna lewini",-81.7043120347,4.0606664224
"1434","Sphyrna lewini",-81.614520149,4.0154044165
"1435","Sphyrna lewini",-80.1238986862,25.7371809791
"1436","Sphyrna lewini",-92.6227005472,28.7450560901
"1437","Sphyrna lewini",-89.5047372072,-0.6563651541
"1438","Sphyrna lewini",115.6982059872,-32.2383822571
"1439","Sphyrna lewini",-80.4236973233,28.3366192947
"1440","Sphyrna lewini",-80.4592015428,28.2808739469
"1441","Sphyrna lewini",-110.7436555917,19.2477247723
"1442","Sphyrna lewini",-97.0475534642,27.8599339912
"1443","Sphyrna lewini",-87.6330648707,30.2072819095
"1444","Sphyrna lewini",-97.1317158908,27.7798219426
"1445","Sphyrna lewini",-81.3420225114,30.3641575203
"1446","Sphyrna lewini",-91.887231785,1.2911200159
"1447","Sphyrna lewini",-91.9617236202,1.7096725487
"1448","Sphyrna lewini",70.3101510814,20.9082026227
"1449","Sphyrna lewini",-81.444449109,31.1327700049
"1450","Sphyrna lewini",70.3165314195,20.8369541705
"1451","Sphyrna lewini",-109.4887273867,23.163132399
"1452","Sphyrna lewini",-80.8133156497,4.8876449468
"1453","Sphyrna lewini",35.9216732676,24.9443156209
"1454","Sphyrna lewini",-96.6775158661,26.1799051824
"1455","Sphyrna lewini",-82.5866786136,27.2128246476
"1456","Sphyrna lewini",35.949167887,24.8643647884
"1457","Sphyrna lewini",9.9137744911,3.0815531072
"1458","Sphyrna lewini",9.0387524293,4.0272399505
"1459","Sphyrna lewini",-80.1383144219,25.622727716
"1460","Sphyrna lewini",179.5976039111,-16.9405071755
"1461","Sphyrna lewini",-112.8231445699,19.2036394436
"1462","Sphyrna lewini",8.8074182359,4.268335223
"1463","Sphyrna lewini",8.8603538899,4.3515679497
"1464","Sphyrna lewini",8.8092927789,4.3166591154
"1465","Sphyrna lewini",9.8493664164,3.0686739587
"1466","Sphyrna lewini",9.095441356,4.0050853035
"1467","Sphyrna lewini",-112.7226830898,29.937894325
"1468","Sphyrna lewini",8.8686563953,4.3661670142
"1469","Sphyrna lewini",115.616797296,-32.3733999517
"1470","Sphyrna lewini",118.1333392858,5.9051094932
"1471","Sphyrna lewini",-112.1892454255,18.8488301817
"1472","Sphyrna lewini",-112.0999315087,18.9261697861
"1473","Sphyrna lewini",-110.8323914649,19.2522142684
"1474","Sphyrna lewini",-91.9174566958,1.2766645736
"1475","Sphyrna lewini",34.94501523,26.245293052
"1476","Sphyrna lewini",-110.1977820597,24.6279534304
"1477","Sphyrna lewini",121.7759999402,28.233284883
"1478","Sphyrna lewini",-75.1549612154,35.6890851984
"1479","Sphyrna lewini",116.0217815813,5.8991694127
"1480","Sphyrna lewini",91.5229086588,21.3717274567
"1481","Sphyrna lewini",-91.7680343935,1.4767084104
"1482","Sphyrna lewini",-81.9396237454,26.4049812629
"1483","Sphyrna lewini",-91.9173016631,1.7583994692
"1484","Sphyrna lewini",35.0230282864,24.8988881436
"1485","Sphyrna lewini",-87.1563126536,12.287513195
"1486","Sphyrna lewini",-80.2794720096,7.9143804016
"1487","Sphyrna lewini",138.8030127935,34.5601017872
"1488","Sphyrna lewini",-91.8186037778,1.4140437609
"1489","Sphyrna lewini",-114.2499296876,31.4594370913
"1490","Sphyrna lewini",-90.3000661076,-0.4786631547
"1491","Sphyrna lewini",9.8006490685,3.1853596648
"1492","Sphyrna lewini",48.1912333199,-13.470388029
"1493","Sphyrna lewini",9.6494790303,4.0433506987
"1494","Sphyrna lewini",-112.6412887404,18.8721323148
"1495","Sphyrna lewini",-112.6092494758,18.9016688261
"1496","Sphyrna lewini",-90.6434039425,0.2923722549
"1497","Sphyrna lewini",-90.6762465176,0.30759611
"1498","Sphyrna lewini",-90.6622849221,0.22306402
"1499","Sphyrna lewini",-90.7037065413,0.22299364
"1500","Sphyrna lewini",-90.7088358098,0.2384865756
"1501","Sphyrna lewini",-112.7336573955,18.9492905654
"1502","Sphyrna lewini",-112.7717642545,18.8026536461
"1503","Sphyrna lewini",-112.6770419511,18.8735960808
"1504","Sphyrna lewini",-80.6073199866,32.0826970198
"1505","Sphyrna lewini",-90.0079002403,-0.508447146
"1506","Sphyrna lewini",9.8241278298,3.1463708221
"1507","Sphyrna lewini",9.2523090291,3.8011341955
"1508","Sphyrna lewini",-90.1323390688,-0.4480059259
"1509","Sphyrna lewini",-89.860014888,0.2239439599
"1510","Sphyrna lewini",9.2935195064,3.8154354079
"1511","Sphyrna lewini",9.3727767701,3.9194814508
"1512","Sphyrna lewini",-90.3794210837,-0.2312406906
"1513","Sphyrna lewini",-90.2995272498,-0.2222118974
"1514","Sphyrna lewini",-90.2186095239,-0.2083263144
"1515","Sphyrna lewini",-90.3121246896,-0.444574042
"1516","Sphyrna lewini",9.8265474011,2.9436559453
"1517","Sphyrna lewini",9.9227564529,3.1434592983
"1518","Sphyrna lewini",9.9075414537,3.1042694584
"1519","Sphyrna lewini",9.895896427,3.191735007
"1520","Sphyrna lewini",9.6102723769,3.9785335016
"1521","Sphyrna lewini",9.6197983281,4.0171389322
"1522","Sphyrna lewini",9.6691924492,4.0420852144
"1523","Sphyrna lewini",8.8370411557,4.2068428964
"1524","Sphyrna lewini",9.8043557151,3.0934840004
"1525","Sphyrna lewini",73.4046765064,16.0246347929
"1526","Sphyrna lewini",9.2087735891,3.8674212792
"1527","Sphyrna lewini",9.8572788245,3.0313409189
"1528","Sphyrna lewini",8.9269926706,4.2296803327
"1529","Sphyrna lewini",8.9536071296,4.2521344078
"1530","Sphyrna lewini",9.8421621549,3.107496195
"1531","Sphyrna lewini",130.1221369087,-4.7197680924
"1532","Sphyrna lewini",-87.0354,5.515401
"1533","Sphyrna lewini",-87.048592,5.561745
"1534","Sphyrna lewini",-87.101196,5.508006
"1535","Sphyrna lewini",-87.034126,5.54862
"1536","Sphyrna lewini",-87.090378,5.530215
"1537","Sphyrna lewini",-87.08638,5.54706
"1538","Sphyrna lewini",-91.989113,1.6737
"1539","Sphyrna lewini",-91.989273,1.6714
"1540","Sphyrna lewini",-92.009918,1.67894
"1541","Sphyrna lewini",-91.812073,1.38469
"1542","Sphyrna lewini",-91.810921,1.38232
"1543","Sphyrna lewini",-91.812813,1.37728
"1544","Sphyrna lewini",-87.100121,5.504002
"1545","Sphyrna lewini",-87.410149,4.993217
"1546","Sphyrna lewini",-87.64212,5.082067
